{"cameraMode":{"drawMode":0,"name":"Shaded","section":"Shading Mode"},"sceneLighting":true,"audioPlay":false,"sceneViewState":{"showFog":true,"showMaterialUpdate":false,"showSkybox":true,"showFlares":true,"showImageEffects":true,"showParticleSystems":true},"in2DMode":false,"pivot":{"x":-0.8341773748397827,"y":-3.0750997066497804,"z":-9.041913032531739},"rotation":{"x":-0.006722914520651102,"y":0.9868879318237305,"z":-0.15552884340286256,"w":-0.04265919327735901},"size":5.080662727355957,"orthographic":false}