{"cameraMode":{"drawMode":0,"name":"Shaded","section":"Shading Mode"},"sceneLighting":false,"audioPlay":false,"sceneViewState":{"showFog":true,"showMaterialUpdate":false,"showSkybox":false,"showFlares":true,"showImageEffects":true,"showParticleSystems":true},"in2DMode":false,"pivot":{"x":-0.7085000276565552,"y":0.45900002121925356,"z":0.9900000691413879},"rotation":{"x":-0.398651123046875,"y":0.295621782541275,"z":-0.13748212158679963,"w":-0.8571970462799072},"size":1.3857207298278809,"orthographic":false}